epoch,train_loss,val_loss,train_accuracy,val_accuracy,learning_rate,rank,lora_alpha,lora_dropout,weight_decay,loss_function
1,1.8898849026362101,1.8264459506839725,0.2568611111111111,0.28663433464706367,0.0001,32,64,0.1,0,weighted_cross_entropy
2,1.8150487696329753,1.7927504651089932,0.30027777777777775,0.2992673133704679,0.0001,32,64,0.1,0,weighted_cross_entropy
3,1.7854880406061808,1.763301581355697,0.3115277777777778,0.3151986858946212,0.0001,32,64,0.1,0,weighted_cross_entropy
4,1.7573502118852404,1.7564681075143476,0.3217777777777778,0.3163329162073474,0.0001,32,64,0.1,0,weighted_cross_entropy
5,1.7369806957244873,1.7503683854502143,0.32761111111111113,0.31630684192298997,0.0001,32,64,0.1,0,weighted_cross_entropy
6,1.7188505674997965,1.7529590231307008,0.33752777777777776,0.31384282437622124,0.0001,32,64,0.1,0,weighted_cross_entropy
7,1.7035152961942885,1.7620001439507127,0.3431666666666667,0.2961905507753927,0.0001,32,64,0.1,0,weighted_cross_entropy
8,1.6856058336893718,1.7530677157936367,0.3446388888888889,0.31899249067543245,0.0001,32,64,0.1,0,weighted_cross_entropy
