epoch,train_loss,val_loss,train_accuracy,val_accuracy,learning_rate,rank,lora_alpha,lora_dropout,weight_decay,loss_function
1,0.5667110462103212,0.47935947179794314,0.692576476793249,0.76875,0.0001,32,64,0.1,0.0001,cross_entropy
2,0.48439135870853056,0.4580679972966512,0.7567246835443038,0.7817708333333333,0.0001,32,64,0.1,0.0001,cross_entropy
3,0.4650151351396042,0.45115636264284453,0.767668776371308,0.78125,0.0001,32,64,0.1,0.0001,cross_entropy
4,0.45017732148557776,0.45155967473983766,0.7770305907172996,0.7854166666666667,0.0001,32,64,0.1,0.0001,cross_entropy
5,0.43991413225227266,0.4437916154662768,0.7882383966244726,0.8,0.0001,32,64,0.1,0.0001,cross_entropy
6,0.42853067963057934,0.452040692170461,0.7929193037974683,0.7859375,0.0001,32,64,0.1,0.0001,cross_entropy
7,0.41958441670182384,0.4463410921394825,0.7962816455696202,0.790625,0.0001,32,64,0.1,0.0001,cross_entropy
8,0.4096411708978158,0.44469120502471926,0.8052478902953587,0.790625,0.0001,32,64,0.1,0.0001,cross_entropy
