epoch,train_loss,val_loss,train_accuracy,val_accuracy,learning_rate,rank,lora_alpha,lora_dropout,weight_decay,loss_function
1,0.573408772736662,0.4927600920200348,0.685126582278481,0.753125,0.0001,32,64,0.1,0,cross_entropy
2,0.4871371047972124,0.46965451737244923,0.7531645569620253,0.7671875,0.0001,32,64,0.1,0,cross_entropy
3,0.4648594964405655,0.4567721612751484,0.7708333333333334,0.7765625,0.0001,32,64,0.1,0,cross_entropy
4,0.45007009606195403,0.4549547769129276,0.778876582278481,0.7859375,0.0001,32,64,0.1,0,cross_entropy
5,0.4374208857112796,0.4453934868176778,0.7854694092827004,0.790625,0.0001,32,64,0.1,0,cross_entropy
6,0.42724890591977516,0.47014374161760014,0.7944356540084389,0.7666666666666667,0.0001,32,64,0.1,0,cross_entropy
7,0.4144534577423007,0.45145344485839206,0.7993143459915611,0.7880208333333333,0.0001,32,64,0.1,0,cross_entropy
8,0.40502190417001016,0.4837960926194986,0.8029404008438819,0.7786458333333334,0.0001,32,64,0.1,0,cross_entropy
