epoch,train_loss,val_loss,train_accuracy,val_accuracy,learning_rate,rank,lora_alpha,lora_dropout,weight_decay,loss_function
1,0.6406208201256952,0.5820020830089395,0.6294305293005671,0.6870265151515151,0.0001,8,16,0.1,0,weighted_cross_entropy
2,0.576260245815342,0.5544488244887554,0.6855505671077504,0.7002840909090909,0.0001,8,16,0.1,0,weighted_cross_entropy
3,0.5537109243030359,0.5441583440159307,0.7064035916824196,0.7206439393939394,0.0001,8,16,0.1,0,weighted_cross_entropy
4,0.5437898760369234,0.5379133477355494,0.7110113421550095,0.7178030303030303,0.0001,8,16,0.1,0,weighted_cross_entropy
5,0.5358811604503423,0.5334522516438456,0.7177457466918714,0.7234848484848485,0.0001,8,16,0.1,0,weighted_cross_entropy
6,0.5309542319499703,0.5364709631963209,0.723062381852552,0.7267992424242424,0.0001,8,16,0.1,0,weighted_cross_entropy
7,0.5230403958849735,0.5430962497537787,0.7329276937618148,0.7159090909090909,0.0001,8,16,0.1,0,weighted_cross_entropy
8,0.5172425539202862,0.5337676731022921,0.7351724952741021,0.7291666666666666,0.0001,8,16,0.1,0,weighted_cross_entropy
