epoch,train_loss,val_loss,train_accuracy,val_accuracy,learning_rate,rank,lora_alpha,lora_dropout,weight_decay,loss_function
1,0.6279439668686945,0.5744422990264315,0.642781190926276,0.6822916666666666,0.0001,32,64,0.1,0.0001,weighted_cross_entropy
2,0.5678962453889937,0.5434409718621861,0.6937618147448015,0.7116477272727273,0.0001,32,64,0.1,0.0001,weighted_cross_entropy
3,0.5432913646890671,0.5365642300157836,0.7131970699432892,0.7215909090909091,0.0001,32,64,0.1,0.0001,weighted_cross_entropy
4,0.5312753487061462,0.5431214720010757,0.7253662570888468,0.7239583333333334,0.0001,32,64,0.1,0.0001,weighted_cross_entropy
5,0.5217349819684074,0.5321159308606928,0.7296195652173914,0.7267992424242424,0.0001,32,64,0.1,0.0001,weighted_cross_entropy
6,0.511204832950026,0.5377519288749406,0.7364130434782609,0.7258522727272727,0.0001,32,64,0.1,0.0001,weighted_cross_entropy
7,0.5023136546514886,0.5374997669097149,0.7449196597353497,0.7239583333333334,0.0001,32,64,0.1,0.0001,weighted_cross_entropy
8,0.4945033587557607,0.5342869672811392,0.7480505671077504,0.7244318181818182,0.0001,32,64,0.1,0.0001,weighted_cross_entropy
