epoch,train_loss,val_loss,train_accuracy,val_accuracy,lr,weight_decay,loss_function
1,0.6094733258508611,0.5646921441410527,0.6574314744801513,0.6917613636363636,0.0001,0,weighted_cross_entropy
2,0.5611123389692974,0.5620957658146367,0.7023275047258979,0.7078598484848485,0.0001,0,weighted_cross_entropy
3,0.5443716369611554,0.5525397030693112,0.7131970699432892,0.7073863636363636,0.0001,0,weighted_cross_entropy
4,0.5270093919564961,0.5517830379081495,0.726429584120983,0.7215909090909091,0.0001,0,weighted_cross_entropy
5,0.5148875203216008,0.556847301848007,0.7340500945179584,0.7140151515151515,0.0001,0,weighted_cross_entropy
6,0.4986447675579662,0.549133272785129,0.7465737240075614,0.7339015151515151,0.0001,0,weighted_cross_entropy
7,0.4800765032691631,0.5799160446181442,0.7602788279773157,0.6931818181818182,0.0001,0,weighted_cross_entropy
8,0.45927599989342555,0.5925449706388243,0.7702622873345936,0.7192234848484849,0.0001,0,weighted_cross_entropy
9,0.4343451955593376,0.5756235845161207,0.7899929111531191,0.7111742424242424,0.0001,0,weighted_cross_entropy
