epoch,train_loss,val_loss,train_accuracy,val_accuracy,learning_rate,rank,lora_alpha,lora_dropout,weight_decay,loss_function
1,0.5839031084051615,0.5053713977336883,0.6821598101265823,0.7447916666666666,0.0001,32,64,0.1,0.0001,weighted_cross_entropy
2,0.49920799554903295,0.4846895004312197,0.743868670886076,0.7380208333333333,0.0001,32,64,0.1,0.0001,weighted_cross_entropy
3,0.47885026276614595,0.47897760619719826,0.7566587552742616,0.7369791666666666,0.0001,32,64,0.1,0.0001,weighted_cross_entropy
4,0.4662781989649881,0.46970781361063324,0.7668776371308017,0.7567708333333333,0.0001,32,64,0.1,0.0001,weighted_cross_entropy
5,0.4508949116123879,0.4610654647151629,0.7760416666666666,0.7807291666666667,0.0001,32,64,0.1,0.0001,weighted_cross_entropy
6,0.4429501748726338,0.4726123370230198,0.7784150843881856,0.7385416666666667,0.0001,32,64,0.1,0.0001,weighted_cross_entropy
7,0.43467169324179744,0.46909086406230927,0.7865901898734177,0.7552083333333334,0.0001,32,64,0.1,0.0001,weighted_cross_entropy
8,0.4246646516370874,0.46365268205602966,0.792128164556962,0.775,0.0001,32,64,0.1,0.0001,weighted_cross_entropy
