epoch,train_loss,val_loss,train_accuracy,val_accuracy,lr,weight_decay,loss_function
1,1.8650606671439276,1.7959297827795042,0.26925,0.30721996249036587,0.0001,0.0001,weighted_cross_entropy
2,1.7899998768700494,1.7701966813270082,0.30244444444444446,0.30763715061735597,0.0001,0.0001,weighted_cross_entropy
3,1.7541391734017266,1.759654439932911,0.31933333333333336,0.29948894457614167,0.0001,0.0001,weighted_cross_entropy
4,1.7280152798758612,1.7643457718774782,0.3314166666666667,0.3069983312846921,0.0001,0.0001,weighted_cross_entropy
5,1.7047297575208875,1.7556212007576693,0.3386111111111111,0.3076632249017134,0.0001,0.0001,weighted_cross_entropy
6,1.6770524231592814,1.7649561378127294,0.34841666666666665,0.3209610972421389,0.0001,0.0001,weighted_cross_entropy
7,1.6527424698935615,1.7776120706652918,0.3557222222222222,0.3140905298662524,0.0001,0.0001,weighted_cross_entropy
8,1.6210362026426528,1.7949279808829017,0.3662222222222222,0.30017991247752035,0.0001,0.0001,weighted_cross_entropy
