epoch,train_loss,val_loss,train_accuracy,val_accuracy,lr,weight_decay,loss_function
1,0.5496815714026302,0.48949548254410424,0.7072125527426161,0.7453125,0.0001,0,cross_entropy
2,0.4880628349723192,0.4752555956443151,0.7556039029535865,0.75625,0.0001,0,cross_entropy
3,0.46596935712083987,0.46310326928893725,0.7714926160337553,0.7734375,0.0001,0,cross_entropy
4,0.4479343221220286,0.4648822968204816,0.7793380801687764,0.771875,0.0001,0,cross_entropy
5,0.43712336529156326,0.4632232343157133,0.7845464135021097,0.7729166666666667,0.0001,0,cross_entropy
6,0.42542418655212416,0.4532658368349075,0.7923918776371308,0.7760416666666666,0.0001,0,cross_entropy
7,0.40894822128714386,0.46423678696155546,0.7985891350210971,0.7744791666666667,0.0001,0,cross_entropy
8,0.3896908965983471,0.47884664659698806,0.8086761603375527,0.7734375,0.0001,0,cross_entropy
9,0.37038449911628596,0.4759219497442245,0.8195543248945147,0.775,0.0001,0,cross_entropy
