epoch,train_loss,val_loss,train_accuracy,val_accuracy,learning_rate,rank,lora_alpha,lora_dropout,weight_decay,loss_function
1,1.7731564087337919,1.7072437747995903,0.3046388888888889,0.3373357321776397,0.0001,32,64,0.1,0,cross_entropy
2,1.6941675144831339,1.6633352709154712,0.3506666666666667,0.3534887361188307,0.0001,32,64,0.1,0,cross_entropy
3,1.6652619169023302,1.6603009607774992,0.36691666666666667,0.3532931789861503,0.0001,32,64,0.1,0,cross_entropy
4,1.6432971167034574,1.6426871778271723,0.37227777777777776,0.3632144348841187,0.0001,32,64,0.1,0,cross_entropy
5,1.6244345349205864,1.6319018467098263,0.38366666666666666,0.3680903214089414,0.0001,32,64,0.1,0,cross_entropy
6,1.6080019478268093,1.6264226690251777,0.39105555555555555,0.3787546935656392,0.0001,32,64,0.1,0,cross_entropy
7,1.5942633191214668,1.633267827067815,0.39544444444444443,0.36700823966492996,0.0001,32,64,0.1,0,cross_entropy
8,1.5755973154703775,1.6288463274637859,0.40116666666666667,0.3708020442343773,0.0001,32,64,0.1,0,cross_entropy
9,1.5644234134886,1.6318507845520127,0.4086111111111111,0.3685596581046463,0.0001,32,64,0.1,0,cross_entropy
