epoch,train_loss,val_loss,train_accuracy,val_accuracy,lr,weight_decay,loss_function
1,1.7419076459672715,1.672972340110346,0.32069444444444445,0.3451188986605786,0.0001,0.0001,cross_entropy
2,1.6671019513871934,1.6417085532601,0.3610277777777778,0.35794743430529924,0.0001,0.0001,cross_entropy
3,1.6352311311297947,1.6312879256322874,0.3713888888888889,0.3656784524308874,0.0001,0.0001,cross_entropy
4,1.6150991611480714,1.6282209115670927,0.38363888888888886,0.36681268253224963,0.0001,0.0001,cross_entropy
5,1.5947746148639255,1.6262188295946054,0.38961111111111113,0.36592615770955456,0.0001,0.0001,cross_entropy
6,1.5756830063925849,1.6287277446570971,0.3968055555555556,0.37257509387976734,0.0001,0.0001,cross_entropy
7,1.5586698236465455,1.6416256444674011,0.40544444444444444,0.3705543389557101,0.0001,0.0001,cross_entropy
8,1.5400333823098076,1.6375637747717242,0.41333333333333333,0.3652612640925333,0.0001,0.0001,cross_entropy
