epoch,train_loss,val_loss,train_accuracy,val_accuracy,learning_rate,rank,lora_alpha,lora_dropout,weight_decay,loss_function
1,0.6196610761950733,0.5772656148130243,0.6527646502835539,0.6751893939393939,0.0001,32,64,0.1,0.0001,cross_entropy
2,0.5574414042759482,0.5444158952344548,0.7060491493383743,0.709280303030303,0.0001,32,64,0.1,0.0001,cross_entropy
3,0.539415842334129,0.5355076442162195,0.7201677693761814,0.7168560606060606,0.0001,32,64,0.1,0.0001,cross_entropy
4,0.5276256086470275,0.5317794956041105,0.7270793950850661,0.7225378787878788,0.0001,32,64,0.1,0.0001,cross_entropy
5,0.519463754443906,0.5261976231228221,0.7336365784499055,0.7263257575757576,0.0001,32,64,0.1,0.0001,cross_entropy
6,0.5073525331252464,0.5345701990705548,0.7443879962192816,0.7225378787878788,0.0001,32,64,0.1,0.0001,cross_entropy
7,0.4993681443154474,0.5275007874676676,0.7474007561436673,0.7239583333333334,0.0001,32,64,0.1,0.0001,cross_entropy
8,0.48688960114814384,0.5293383751854752,0.7586838374291115,0.7234848484848485,0.0001,32,64,0.1,0.0001,cross_entropy
